{
	"deviceDescriptionId": "2a3430f9-a34e-4110-bb6b-713a110fc699",
	"partnerId": "e5c5426c-920b-4745-b098-9eedc218c4bb",
	"schemaVersion": 2,
	"services": [
		{
			"id": 1,
			"attributes": [
				{
					"id": 1,
					"dataType": "SINT8",
					"semanticType": "PollRate",
					"operations": [
						"READ",
						"WRITE"
					],
					"defaultValue": "01",
					"value": "1",
					"length": 1
				},
				{
					"id": 2,
					"dataType": "SINT8",
					"semanticType": "Leg1Volts",
					"operations": [
						"READ"
					],
					"defaultValue": "00",
					"value": "0",
					"length": 1
				},
				{
					"id": 3,
					"dataType": "SINT8",
					"semanticType": "Leg2Volts",
					"operations": [
						"READ"
					],
					"defaultValue": "00",
					"value": "0",
					"length": 1
				},
				{
					"id": 4,
					"dataType": "SINT8",
					"semanticType": "Leg1Amps",
					"operations": [
						"READ"
					],
					"defaultValue": "00",
					"value": "0",
					"length": 1
				},
				{
					"id": 5,
					"dataType": "SINT8",
					"semanticType": "Leg2Amps",
					"operations": [
						"READ"
					],
					"defaultValue": "00",
					"value": "0",
					"length": 1
				},
				{
					"id": 6,
					"dataType": "UTF8S",
					"semanticType": "LineFreq",
					"operations": [
						"READ"
					],
					"defaultValue": "3F",
					"value": "?",
					"length": 8
				},
				{
					"id": 2001,
					"dataType": "SINT64",
					"semanticType": "Bootloader Version",
					"operations": [
						"READ"
					],
					"length": 8,
					"value": null
				},
				{
					"id": 2002,
					"dataType": "SINT64",
					"semanticType": "Softdevice Version",
					"operations": [
						"READ"
					],
					"length": 8,
					"value": null
				},
				{
					"id": 2003,
					"dataType": "SINT64",
					"semanticType": "Application Version",
					"operations": [
						"READ"
					],
					"length": 8,
					"value": null
				},
				{
					"id": 2004,
					"dataType": "SINT64",
					"semanticType": "Profile Version",
					"operations": [
						"READ"
					],
					"length": 8,
					"value": null
				},
				{
					"id": 60000,
					"dataType": "BOOLEAN",
					"semanticType": "Security Enabled",
					"operations": [
						"READ"
					],
					"defaultValue": "01",
					"value": "true",
					"length": 1
				},
				{
					"id": 65018,
					"dataType": "SINT16",
					"semanticType": "Attribute ACK",
					"operations": [
						"WRITE"
					],
					"length": 2,
					"value": null
				},
				{
					"id": 65019,
					"dataType": "UTF8S",
					"semanticType": "Reboot Reason",
					"operations": [
						"READ"
					],
					"length": 100,
					"value": null
				},
				{
					"id": 65020,
					"dataType": "BYTES",
					"semanticType": "BLE Comms",
					"operations": [
						"READ"
					],
					"defaultValue": "fa000000180018000C00A00F",
					"value": "fa000000180018000C00A00F",
					"length": 12
				},
				{
					"id": 65021,
					"dataType": "BOOLEAN",
					"semanticType": "SPI Enabled",
					"operations": [
						"READ"
					],
					"defaultValue": "01",
					"value": "true",
					"length": 1
				}
			]
		}
	],
	"createdTimestamp": 1499022078519
}