{
	"active": true,
	"valid": true,
	"friendlyName": "Default Presentation",
	"createdTimestamp": 1497911053358,
	"deviceProfileId": "b17b27a8-cb09-4351-ac71-9f4291a589bf",
	"presentationId": "629a7c01-4874-4c1f-a562-f3a4136264e1",
	"presentationDefinition": {
		"label": "afBlink2",
		"attributeOptions": {
			"1": {
				"flags": [],
				"label": "Blink",
				"valueOptions": [
					{
						"apply": {
							"label": "Off",
							"state": "standby"
						},
						"match": "false"
					},
					{
						"apply": {
							"label": "On",
							"state": "running"
						},
						"match": "true"
					}
				]
			}
		},
		"gauge": {
			"foreground": {
				"images": [
					{
						"uri": "device_icon_light2.png"
					}
				]
			},
			"background": {
				"images": []
			},
			"displayRules": []
		},
		"groups": [
			{
				"controls": [
					1
				],
				"gauge": {
					"background": {
						"images": []
					},
					"displayRules": [],
					"foreground": {
						"images": [
							{
								"uri": "device_control_icon_behaviors.png"
							}
						]
					},
					"label": "",
					"labelSize": ""
				},
				"groups": [],
				"label": "Blink",
				"id": 1497884037023
			}
		],
		"controls": [
			{
				"attributeMap": {
					"value": 1
				},
				"controlType": "menuControl",
				"id": 1,
				"displayRules": []
			}
		]
	}
}