{
	"deviceDescriptionId": "980976b4-5953-4cbc-a4c7-31a8edcee1e8",
	"partnerId": "7f657c1e-ac45-4e42-a468-e1e187647c2f",
	"schemaVersion": 2,
	"services": [
		{
			"id": 1,
			"attributes": [
				{
					"id": 1,
					"dataType": "BOOLEAN",
					"semanticType": "Blink",
					"operations": [
						"READ",
						"WRITE"
					],
					"defaultValue": "00",
					"value": "false",
					"length": 1
				},
				{
					"id": 1024,
					"dataType": "SINT16",
					"semanticType": "Modulo LED",
					"operations": [
						"READ",
						"WRITE"
					],
					"defaultValue": "0100",
					"value": "1",
					"length": 2
				},
				{
					"id": 1025,
					"dataType": "SINT64",
					"semanticType": "GPIO 0 Configuration",
					"operations": [
						"READ"
					],
					"defaultValue": "0000000000000000",
					"value": "0",
					"length": 8
				},
				{
					"id": 1030,
					"dataType": "SINT16",
					"semanticType": "Modulo Button",
					"operations": [
						"READ"
					],
					"length": 2,
					"value": null,
					"minValue": null,
					"maxValue": null,
					"stepValue": null
				},
				{
					"id": 1031,
					"dataType": "SINT64",
					"semanticType": "GPIO 3 Configuration",
					"operations": [
						"READ"
					],
					"defaultValue": "4500000000000000",
					"value": "69",
					"length": 8
				},
				{
					"id": 2001,
					"dataType": "SINT64",
					"semanticType": "Bootloader Version",
					"operations": [
						"READ"
					],
					"length": 8,
					"value": null,
					"minValue": null,
					"maxValue": null,
					"stepValue": null
				},
				{
					"id": 2003,
					"dataType": "SINT64",
					"semanticType": "Application Version",
					"operations": [
						"READ"
					],
					"length": 8,
					"value": null,
					"minValue": null,
					"maxValue": null,
					"stepValue": null
				},
				{
					"id": 2004,
					"dataType": "SINT64",
					"semanticType": "Profile Version",
					"operations": [
						"READ"
					],
					"length": 8,
					"value": null,
					"minValue": null,
					"maxValue": null,
					"stepValue": null
				},
				{
					"id": 2006,
					"dataType": "SINT64",
					"semanticType": "WiFi Version",
					"operations": [
						"READ"
					],
					"length": 8,
					"value": null,
					"minValue": null,
					"maxValue": null,
					"stepValue": null
				},
				{
					"id": 59001,
					"dataType": "SINT16",
					"semanticType": "Offline Schedules Enabled",
					"operations": [
						"READ",
						"WRITE",
						"STORE_IN_FLASH"
					],
					"defaultValue": "0000",
					"value": "0",
					"length": 2
				},
				{
					"id": 60002,
					"dataType": "BYTES",
					"semanticType": "Conclave Access",
					"operations": [
						"READ",
						"WRITE",
						"PASS_THROUGH",
						"MCU"
					],
					"length": 255,
					"value": null,
					"minValue": null,
					"maxValue": null,
					"stepValue": null
				},
				{
					"id": 65001,
					"dataType": "BYTES",
					"semanticType": "UTC Offset",
					"operations": [
						"READ",
						"WRITE"
					],
					"length": 8,
					"value": null,
					"minValue": null,
					"maxValue": null,
					"stepValue": null
				},
				{
					"id": 65002,
					"dataType": "SINT32",
					"semanticType": "Maximum Re-link Interval",
					"operations": [
						"READ",
						"WRITE",
						"MCU"
					],
					"defaultValue": "803A0900",
					"value": "604800",
					"length": 4
				},
				{
					"id": 65003,
					"dataType": "SINT32",
					"semanticType": "Attributes CRC32",
					"operations": [
						"WRITE",
						"MCU"
					],
					"length": 4,
					"value": null,
					"minValue": null,
					"maxValue": null,
					"stepValue": null
				},
				{
					"id": 65004,
					"dataType": "UTF8S",
					"semanticType": "Connected SSID",
					"operations": [
						"READ"
					],
					"defaultValue": "20",
					"value": " ",
					"length": 33
				},
				{
					"id": 65005,
					"dataType": "SINT8",
					"semanticType": "WiFi Bars",
					"operations": [
						"READ"
					],
					"defaultValue": "00",
					"value": "0",
					"length": 1
				},
				{
					"id": 65006,
					"dataType": "SINT8",
					"semanticType": "WiFi Steady State",
					"operations": [
						"READ"
					],
					"defaultValue": "00",
					"value": "0",
					"length": 1
				},
				{
					"id": 65007,
					"dataType": "SINT8",
					"semanticType": "WiFi Setup State",
					"operations": [
						"READ",
						"MCU"
					],
					"defaultValue": "00",
					"value": "0",
					"length": 1
				},
				{
					"id": 65009,
					"dataType": "BYTES",
					"semanticType": "WiFi SSID List",
					"operations": [
						"READ",
						"WRITE",
						"PASS_THROUGH",
						"MCU"
					],
					"length": 2048,
					"value": null,
					"minValue": null,
					"maxValue": null,
					"stepValue": null
				},
				{
					"id": 65010,
					"dataType": "BYTES",
					"semanticType": "WiFi Credentials",
					"operations": [
						"READ",
						"WRITE",
						"PASS_THROUGH",
						"MCU"
					],
					"length": 255,
					"value": null,
					"minValue": null,
					"maxValue": null,
					"stepValue": null
				},
				{
					"id": 65012,
					"dataType": "SINT32",
					"semanticType": "Command",
					"operations": [
						"WRITE"
					],
					"length": 4,
					"value": null,
					"minValue": null,
					"maxValue": null,
					"stepValue": null
				},
				{
					"id": 65013,
					"dataType": "SINT8",
					"semanticType": "ASR State",
					"operations": [
						"READ"
					],
					"length": 1,
					"value": null,
					"minValue": null,
					"maxValue": null,
					"stepValue": null
				},
				{
					"id": 65014,
					"dataType": "SINT8",
					"semanticType": "Low Power Warn",
					"operations": [
						"READ"
					],
					"length": 1,
					"value": null,
					"minValue": null,
					"maxValue": null,
					"stepValue": null
				},
				{
					"id": 65015,
					"dataType": "SINT32",
					"semanticType": "Linked Timestamp",
					"operations": [
						"WRITE"
					],
					"length": 4,
					"value": null,
					"minValue": null,
					"maxValue": null,
					"stepValue": null
				},
				{
					"id": 65016,
					"dataType": "SINT8",
					"semanticType": "Advertising Secret Duration",
					"operations": [
						"READ",
						"WRITE",
						"MCU"
					],
					"defaultValue": "05",
					"value": "5",
					"length": 1
				},
				{
					"id": 65017,
					"dataType": "BYTES",
					"semanticType": "Advertising Secret",
					"operations": [
						"READ",
						"MCU"
					],
					"length": 32,
					"value": null,
					"minValue": null,
					"maxValue": null,
					"stepValue": null
				},
				{
					"id": 65018,
					"dataType": "SINT16",
					"semanticType": "Attribute ACK",
					"operations": [
						"WRITE",
						"MCU"
					],
					"length": 2,
					"value": null,
					"minValue": null,
					"maxValue": null,
					"stepValue": null
				},
				{
					"id": 65019,
					"dataType": "UTF8S",
					"semanticType": "Reboot Reason",
					"operations": [
						"READ"
					],
					"length": 100,
					"value": null,
					"minValue": null,
					"maxValue": null,
					"stepValue": null
				},
				{
					"id": 65020,
					"dataType": "BYTES",
					"semanticType": "BLE Comms",
					"operations": [
						"READ",
						"MCU"
					],
					"defaultValue": "fa000000180018000C00A00F",
					"value": "fa000000180018000C00A00F",
					"length": 12
				},
				{
					"id": 65021,
					"dataType": "SINT8",
					"semanticType": "MCU Interface",
					"operations": [
						"READ"
					],
					"defaultValue": "01",
					"value": "1",
					"length": 1
				}
			]
		}
	],
	"createdTimestamp": 1498144400580
}