{
	"active": true,
	"createdTimestamp": 1461199426638,
	"deviceProfileId": "4c0b788f-d648-42cf-b5c5-83d04c549f57",
	"friendlyName": "Default Presentation",
	"presentationDefinition": {
		"attributeOptions": {
			"1": {
				"flags": [],
				"label": "Right",
				"rangeOptions": {
					"max": 1700,
					"min": 1300,
					"step": 1,
					"unitLabel": null
				}
			},
			"2": {
				"flags": [],
				"label": "Left",
				"rangeOptions": {
					"max": 1700,
					"min": 1300,
					"step": 1,
					"unitLabel": null
				}
			}
		},
		"controls": [
			{
				"attributeMap": {
					"value": 1
				},
				"controlType": "slider",
				"id": 1
			},
			{
				"attributeMap": {
					"value": 2
				},
				"controlType": "slider",
				"id": 2
			}
		],
		"gauge": {
			"background": {
				"images": []
			},
			"displayRules": [],
			"foreground": {
				"images": [
					{
						"uri": "device_icon_robey1.png"
					}
				]
			}
		},
		"groups": [
			{
				"controls": [
					1,
					2
				],
				"gauge": {
					"background": {
						"images": []
					},
					"displayRules": [],
					"foreground": {
						"images": [
							{
								"uri": "device_control_icon_cycle.png"
							}
						]
					},
					"label": "",
					"labelSize": ""
				},
				"groups": [],
				"id": 1461199208972,
				"label": "Tank"
			}
		],
		"label": "boebot_tank"
	},
	"presentationId": "10c188d5-cc19-4f3a-b89c-e1cbf9d89feb",
	"valid": true
}