{
	"active": true,
	"valid": true,
	"friendlyName": "Default Presentation",
	"createdTimestamp": 1498605110589,
	"deviceProfileId": "b9794ef4-a34c-4e48-bbcb-5ad7744ce0b7",
	"presentationId": "a620ecba-25a3-4c3c-8ad8-444eb392d51e",
	"presentationDefinition": {
		"label": "AferoMCULab",
		"attributeOptions": {
			"1": {
				"flags": [],
				"label": "Current Temperature",
				"valueOptions": null
			},
			"2": {
				"flags": [],
				"label": "Units",
				"valueOptions": [
					{
						"apply": {
							"label": "Celsius",
							"state": "standby"
						},
						"match": "false"
					},
					{
						"apply": {
							"label": "Farenheit",
							"state": "standby"
						},
						"match": "true"
					}
				]
			}
		},
		"gauge": {
			"foreground": {
				"images": [
					{
						"uri": "device_icon_temperature.png"
					}
				]
			},
			"background": {
				"images": []
			},
			"displayRules": []
		},
		"groups": [
			{
				"controls": [
					1,
					2
				],
				"gauge": {
					"background": {
						"images": []
					},
					"displayRules": [],
					"foreground": {
						"images": [
							{
								"uri": "device_control_icon_settings.png"
							}
						]
					},
					"label": "",
					"labelSize": ""
				},
				"groups": [],
				"label": "Temp Sensor",
				"id": 1497460580445
			}
		],
		"controls": [
			{
				"attributeMap": {
					"value": 1
				},
				"controlType": "stringControl",
				"id": 1,
				"displayRules": []
			},
			{
				"attributeMap": {
					"value": 2
				},
				"controlType": "switch",
				"id": 2,
				"displayRules": []
			}
		]
	}
}