{
	"active": true,
	"createdTimestamp": 1499022080386,
	"deviceProfileId": "256cbfa9-aa71-4538-9593-6f713dfb573d",
	"friendlyName": "Default Presentation",
	"presentationDefinition": {
		"attributeOptions": {
			"1": {
				"flags": [],
				"label": "Meter Polling Rate",
				"rangeOptions": {
					"max": 60,
					"maxValue": "60",
					"min": 1,
					"minValue": "1",
					"step": 1,
					"stepValue": "1",
					"unitLabel": "sec"
				}
			},
			"2": {
				"flags": [],
				"label": "Leg 1 Volts",
				"valueOptions": null
			},
			"3": {
				"flags": [],
				"label": "Leg 2 Volts",
				"valueOptions": null
			},
			"4": {
				"flags": [],
				"label": "Leg 1 Amps",
				"valueOptions": null
			},
			"5": {
				"flags": [],
				"label": "Leg 2 Amps",
				"valueOptions": null
			},
			"6": {
				"flags": [],
				"label": "Line Frequency (Hz)",
				"valueOptions": null
			}
		},
		"controls": [
			{
				"attributeMap": {
					"value": 1
				},
				"controlType": "slider",
				"id": 1
			},
			{
				"attributeMap": {
					"value": 2
				},
				"controlType": "stringControl",
				"id": 2
			},
			{
				"attributeMap": {
					"value": 3
				},
				"controlType": "stringControl",
				"id": 3
			},
			{
				"attributeMap": {
					"value": 4
				},
				"controlType": "stringControl",
				"id": 4
			},
			{
				"attributeMap": {
					"value": 5
				},
				"controlType": "stringControl",
				"id": 5
			},
			{
				"attributeMap": {
					"value": 6
				},
				"controlType": "stringControl",
				"id": 6
			}
		],
		"gauge": {
			"background": {
				"images": []
			},
			"displayRules": [],
			"foreground": {
				"images": [
					{
						"uri": "device_icon_garage_door_open.png"
					}
				]
			}
		},
		"groups": [
			{
				"controls": [
					1
				],
				"gauge": {
					"background": {
						"images": []
					},
					"displayRules": [],
					"foreground": {
						"images": [
							{
								"uri": "device_control_icon_settings.png"
							}
						]
					},
					"label": "",
					"labelSize": ""
				},
				"groups": [],
				"id": 1498973215702,
				"label": "Configure"
			},
			{
				"controls": [
					2,
					3,
					4,
					5,
					6
				],
				"gauge": {
					"background": {
						"images": []
					},
					"displayRules": [],
					"foreground": {
						"images": [
							{
								"uri": "device_control_icon_dial1.png"
							}
						]
					},
					"label": "",
					"labelSize": ""
				},
				"groups": [],
				"id": 1498973256035,
				"label": "Meters"
			}
		],
		"label": "TresAlas"
	},
	"presentationId": "dd83dc17-f6a2-42ab-a564-23762c9408c2",
	"valid": true
}