{
	"active": true,
	"valid": true,
	"friendlyName": "Default Presentation",
	"createdTimestamp": 1498144401748,
	"deviceProfileId": "4b405184-11dc-4822-846b-03c1b9d5b495",
	"presentationId": "4fd9378b-bc29-4dd0-8c0b-d9395b80542d",
	"presentationDefinition": {
		"label": "Blink",
		"attributeOptions": {
			"1": {
				"flags": [
					"primaryOperation"
				],
				"label": "Blink",
				"valueOptions": [
					{
						"apply": {
							"label": "Off",
							"state": "standby"
						},
						"match": "false"
					},
					{
						"apply": {
							"label": "On",
							"state": "running"
						},
						"match": "true"
					}
				]
			},
			"1024": {
				"flags": [],
				"label": "LED",
				"valueOptions": [
					{
						"apply": {
							"label": "On",
							"state": "standby"
						},
						"match": "0"
					},
					{
						"apply": {
							"label": "Off",
							"state": "standby"
						},
						"match": "1"
					}
				]
			}
		},
		"gauge": {
			"foreground": {
				"images": [
					{
						"uri": "device_icon_light.png"
					}
				]
			},
			"background": {
				"images": []
			},
			"displayRules": []
		},
		"groups": [
			{
				"controls": [
					1,
					2
				],
				"gauge": {
					"background": {
						"images": []
					},
					"displayRules": [],
					"foreground": {
						"images": [
							{
								"uri": "device_control_icon_light.png"
							}
						]
					},
					"label": "",
					"labelSize": ""
				},
				"groups": [],
				"label": "Blink",
				"id": 1449612955889
			}
		],
		"controls": [
			{
				"attributeMap": {
					"value": 1
				},
				"controlType": "menuControl",
				"id": 1,
				"displayRules": [
					{
						"match": "*",
						"apply": {
							"enabled": true,
							"viewStyle": "PLAIN"
						}
					}
				]
			},
			{
				"attributeMap": {
					"value": 1024
				},
				"controlType": "menuControl",
				"id": 2,
				"displayRules": [
					{
						"match": "*",
						"apply": {
							"enabled": true,
							"viewStyle": "PLAIN"
						}
					}
				]
			}
		]
	}
}