{
	"name": "AferoMCULab",
	"description": "Afero MCU Connectivity Lab",
	"createdTimestamp": 1531513021224,
	"updatedTimestamp": 1531513021224,
	"deviceTypeId": "b1dd3924-8db2-4796-b781-f5a6ea0190e8",
	"partnerId": "",
	"disconnectNotificationLevel": "LOW",
	"virtual": false,
	"deviceTags": [],
	"moduleConfiguration": {
		"id": "c7168904-abd3-4dc4-975c-038a03457b0c",
		"name": "Modulo-2",
		"module": {
			"id": "621b666f-ff31-4167-be3b-694123e7c408",
			"name": "ASR-2",
			"createdTimestampMs": 1497546309908,
			"updatedTimestampMs": 1497546309908
		},
		"minimumFirmwareVersions": {
			"2003": "20645"
		},
		"developmentTarget": true,
		"createdTimestampMs": 1497547254457,
		"updatedTimestampMs": 1497547254457
	}
}