{
	"active": true,
	"valid": true,
	"friendlyName": "Default Presentation",
	"createdTimestamp": 1494862620848,
	"deviceProfileId": "b098cf7a-c509-4d17-9bc8-f1ee5bab0c2f",
	"presentationId": "6d6ccafa-d2be-4594-a977-28f226b50dbc",
	"presentationDefinition": {
		"label": "Blink",
		"attributeOptions": {
			"1": {
				"flags": [
					"primaryOperation"
				],
				"label": "Blink",
				"valueOptions": [
					{
						"apply": {
							"label": "Off",
							"state": "standby"
						},
						"match": "false"
					},
					{
						"apply": {
							"label": "On",
							"state": "running"
						},
						"match": "true"
					}
				]
			}
		},
		"gauge": {
			"background": {
				"images": []
			},
			"displayRules": [],
			"foreground": {
				"images": [
					{
						"uri": "device_icon_light.png"
					}
				]
			}
		},
		"groups": [
			{
				"controls": [
					1
				],
				"gauge": {
					"background": {
						"images": []
					},
					"displayRules": [],
					"foreground": {
						"images": [
							{
								"uri": "device_control_icon_light.png"
							}
						]
					},
					"label": "",
					"labelSize": ""
				},
				"groups": [],
				"label": "Blink",
				"id": 1449612955889
			}
		],
		"controls": [
			{
				"attributeMap": {
					"value": 1
				},
				"controlType": "menuControl",
				"id": 1,
				"displayRules": []
			}
		]
	}
}