{
	"active": true,
	"createdTimestamp": 1461198592085,
	"deviceProfileId": "7b891833-2dfd-4021-8e4a-4ecfa118374b",
	"friendlyName": "Default Presentation",
	"presentationDefinition": {
		"attributeOptions": {
			"3": {
				"flags": [],
				"label": "Steering",
				"rangeOptions": {
					"max": 100,
					"min": -100,
					"step": 1,
					"unitLabel": null
				}
			},
			"4": {
				"flags": [],
				"label": "Accelerator",
				"rangeOptions": {
					"max": 200,
					"min": 0,
					"step": 1,
					"unitLabel": null
				}
			},
			"5": {
				"flags": [],
				"label": "Transmission",
				"valueOptions": [
					{
						"apply": {
							"label": "Forward",
							"state": "standby"
						},
						"match": "1"
					},
					{
						"apply": {
							"label": "Park",
							"state": "standby"
						},
						"match": "0"
					},
					{
						"apply": {
							"label": "Reverse",
							"state": "standby"
						},
						"match": "-1"
					}
				]
			}
		},
		"controls": [
			{
				"attributeMap": {
					"value": 3
				},
				"controlType": "slider",
				"id": 1
			},
			{
				"attributeMap": {
					"value": 4
				},
				"controlType": "slider",
				"id": 2
			},
			{
				"attributeMap": {
					"value": 5
				},
				"controlType": "menuControl",
				"id": 3
			}
		],
		"gauge": {
			"background": {
				"images": []
			},
			"displayRules": [],
			"foreground": {
				"images": [
					{
						"uri": "device_icon_car4.png"
					}
				]
			}
		},
		"groups": [
			{
				"controls": [
					1,
					2,
					3
				],
				"gauge": {
					"background": {
						"images": []
					},
					"displayRules": [],
					"foreground": {
						"images": [
							{
								"uri": "device_control_icon_car_front.png"
							}
						]
					},
					"label": "",
					"labelSize": ""
				},
				"groups": [],
				"id": 1461197782622,
				"label": "Car"
			}
		],
		"label": "boebot_car"
	},
	"presentationId": "0875a89c-0fd3-48fe-8325-56d45bc447fe",
	"valid": true
}