{
	"name": "afBlink2",
	"description": "This profile is used with the Blink example to demonstrate using MCU and I/O attributes from either UNO or Teensy.",
	"createdTimestamp": 1493258292473,
	"updatedTimestamp": 1498144400426,
	"deviceTypeId": "a0f8448b-aafc-4644-b934-086d74b2ded1",
	"partnerId": "",
	"disconnectNotificationLevel": "MEDIUM",
	"virtual": false,
	"deviceTags": [],
	"moduleConfiguration": {
		"id": "c7168904-abd3-4dc4-975c-038a03457b0c",
		"name": "Modulo-2",
		"module": {
			"id": "621b666f-ff31-4167-be3b-694123e7c408",
			"name": "ASR-2",
			"createdTimestampMs": 1497546309908,
			"updatedTimestampMs": 1497546309908
		},
		"minimumFirmwareVersions": {
			"2003": "13490"
		},
		"developmentTarget": true,
		"createdTimestampMs": 1497547254457,
		"updatedTimestampMs": 1497547254457
	}
}