{
	"active": true,
	"valid": true,
	"friendlyName": "Default Presentation",
	"createdTimestamp": 1498062345433,
	"deviceProfileId": "6a7c0669-132e-4f1d-b511-65c518adf0b9",
	"presentationId": "2be9d9dd-3ef0-45a1-b314-9d32115dfde4",
	"presentationDefinition": {
		"label": "afBlink2",
		"attributeOptions": {
			"1": {
				"flags": [],
				"label": "Blink",
				"valueOptions": [
					{
						"apply": {
							"label": "Off",
							"state": "standby"
						},
						"match": "false"
					},
					{
						"apply": {
							"label": "On",
							"state": "running"
						},
						"match": "true"
					}
				]
			}
		},
		"gauge": {
			"foreground": {
				"images": [
					{
						"uri": "device_icon_light2.png"
					}
				]
			},
			"background": {
				"images": []
			},
			"displayRules": []
		},
		"groups": [
			{
				"controls": [
					1
				],
				"gauge": {
					"background": {
						"images": []
					},
					"displayRules": [],
					"foreground": {
						"images": [
							{
								"uri": "device_control_icon_behaviors.png"
							}
						]
					},
					"label": "",
					"labelSize": ""
				},
				"groups": [],
				"label": "Blink",
				"id": 1497884037023
			}
		],
		"controls": [
			{
				"attributeMap": {
					"value": 1
				},
				"controlType": "menuControl",
				"id": 1,
				"displayRules": []
			}
		]
	}
}