{
	"name": "AferoMCULab",
	"description": "Afero MCU Connectivity Lab",
	"createdTimestamp": 1499716600790,
	"updatedTimestamp": 1499716604867,
	"deviceTypeId": "",
	"partnerId": "",
	"disconnectNotificationLevel": "LOW",
	"virtual": false,
	"deviceTags": [],
	"moduleConfiguration": {
		"id": "70ad45b7-01cb-4480-9ff4-4bf7038badb0",
		"name": "Modulo-1",
		"module": {
			"id": "2ac32178-1a4a-4e27-b712-8cbda49e04dd",
			"name": "ASR-1",
			"createdTimestampMs": 1497546303479,
			"updatedTimestampMs": 1497546303479
		},
		"minimumFirmwareVersions": {
			"2003": "13488"
		},
		"developmentTarget": true,
		"createdTimestampMs": 1497546414108,
		"updatedTimestampMs": 1497546414108
	}
}