{
	"schemaVersion": 2,
	"deviceDescriptionId": "",
	"partnerId": "",
	"services": [
		{
			"id": 1,
			"attributes": [
				{
					"id": 1,
					"dataType": "UTF8S",
					"semanticType": "Temperature",
					"operations": [
						"READ"
					],
					"length": 9,
					"value": null
				},
				{
					"id": 2,
					"dataType": "BOOLEAN",
					"semanticType": "Units",
					"operations": [
						"READ",
						"WRITE"
					],
					"defaultValue": "00",
					"value": "false",
					"length": 1
				},
				{
					"id": 1024,
					"semanticType": "Modulo LED",
					"dataType": "SINT16",
					"length": 2,
					"operations": [
						"READ",
						"WRITE"
					],
					"value": "0"
				},
				{
					"id": 1025,
					"semanticType": "GPIO 0 Configuration",
					"dataType": "SINT64",
					"length": 8,
					"operations": [
						"READ"
					],
					"value": "256"
				},
				{
					"id": 1030,
					"semanticType": "Modulo Button",
					"dataType": "SINT16",
					"length": 2,
					"operations": [
						"READ"
					],
					"value": null
				},
				{
					"id": 1031,
					"semanticType": "GPIO 3 Configuration",
					"dataType": "SINT64",
					"length": 8,
					"operations": [
						"READ"
					],
					"value": "325"
				},
				{
					"id": 2001,
					"semanticType": "Bootloader Version",
					"dataType": "SINT64",
					"operations": [
						"READ"
					],
					"value": null,
					"length": 8
				},
				{
					"id": 2002,
					"semanticType": "Softdevice Version",
					"dataType": "SINT64",
					"operations": [
						"READ"
					],
					"value": null,
					"length": 8
				},
				{
					"id": 2003,
					"semanticType": "Application Version",
					"dataType": "SINT64",
					"operations": [
						"READ"
					],
					"value": null,
					"length": 8
				},
				{
					"id": 2004,
					"semanticType": "Profile Version",
					"dataType": "SINT64",
					"operations": [
						"READ"
					],
					"value": null,
					"length": 8
				},
				{
					"id": 65002,
					"dataType": "SINT32",
					"semanticType": "Maximum Re-link Interval",
					"operations": [
						"READ",
						"WRITE",
						"MCU"
					],
					"value": "604800",
					"length": 4
				},
				{
					"id": 65003,
					"dataType": "SINT32",
					"semanticType": "Attributes CRC32",
					"operations": [
						"WRITE",
						"MCU"
					],
					"value": null,
					"length": 4
				},
				{
					"id": 65012,
					"semanticType": "Command",
					"dataType": "SINT32",
					"operations": [
						"WRITE"
					],
					"value": null,
					"length": 4
				},
				{
					"id": 65013,
					"semanticType": "ASR State",
					"dataType": "SINT8",
					"operations": [
						"READ"
					],
					"value": null,
					"length": 1
				},
				{
					"id": 65014,
					"semanticType": "Low Power Warn",
					"dataType": "SINT8",
					"operations": [
						"READ"
					],
					"value": null,
					"length": 1
				},
				{
					"id": 65015,
					"semanticType": "Linked Timestamp",
					"dataType": "SINT32",
					"operations": [
						"WRITE"
					],
					"value": null,
					"length": 4
				},
				{
					"id": 65016,
					"semanticType": "Advertising Secret Duration",
					"dataType": "SINT8",
					"operations": [
						"READ",
						"WRITE",
						"MCU"
					],
					"value": "5",
					"length": 1
				},
				{
					"id": 65017,
					"semanticType": "Advertising Secret",
					"dataType": "BYTES",
					"operations": [
						"READ",
						"MCU"
					],
					"value": null,
					"length": 32
				},
				{
					"id": 65018,
					"semanticType": "Attribute ACK",
					"dataType": "SINT16",
					"operations": [
						"WRITE",
						"MCU"
					],
					"value": null,
					"length": 2
				},
				{
					"id": 65019,
					"semanticType": "Reboot Reason",
					"dataType": "UTF8S",
					"operations": [
						"READ"
					],
					"value": null,
					"length": 100
				},
				{
					"id": 65020,
					"semanticType": "BLE Comms",
					"dataType": "BYTES",
					"operations": [
						"READ",
						"MCU"
					],
					"value": "FA000000180018000C00A00F",
					"length": 12
				},
				{
					"id": 65021,
					"semanticType": "MCU Interface",
					"dataType": "SINT8",
					"operations": [
						"READ"
					],
					"value": "1",
					"length": 1
				}
			]
		}
	],
	"createdTimestamp": 0
}